{"cameraMode":{"drawMode":0,"name":"Shaded","section":"Shading Mode"},"sceneLighting":false,"audioPlay":false,"sceneViewState":{"showFog":false,"showMaterialUpdate":false,"showSkybox":false,"showFlares":false,"showImageEffects":false,"showParticleSystems":false},"in2DMode":false,"pivot":{"x":1.0225639343261719,"y":41.92160415649414,"z":-109.50154876708985},"rotation":{"x":-0.08271440863609314,"y":-0.0038895760662853719,"z":0.00032282067695632577,"w":-0.9965667724609375},"size":2.902341604232788,"orthographic":false}