{"cameraMode":{"drawMode":0,"name":"Shaded","section":"Shading Mode"},"sceneLighting":false,"audioPlay":false,"sceneViewState":{"showFog":false,"showMaterialUpdate":false,"showSkybox":false,"showFlares":false,"showImageEffects":false,"showParticleSystems":false},"in2DMode":false,"pivot":{"x":5.8942718505859379,"y":-197.77296447753907,"z":-137.71728515625},"rotation":{"x":0.4994497001171112,"y":0.047004736959934238,"z":-0.027153844013810159,"w":0.8646511435508728},"size":1255.171875,"orthographic":false}